epoch,train_loss,psnr_r,psnr_c,lr
1,63.63905880368989,65.76391885031143,50.369774620704455,1.2559432157547911e-06
2,62.32055653100726,65.76391885031143,50.369774620704455,1.2559432157547911e-06
3,67.1976511725064,65.76391885031143,50.369774620704455,1.2559432157547911e-06
4,63.766346547795436,65.76391885031143,50.369774620704455,1.2559432157547911e-06
5,62.21784486441776,65.76391885031143,50.369774620704455,1.2559432157547911e-06
6,63.53902084525974,65.76391885031143,50.369774620704455,1.2559432157547911e-06
7,62.13830895259463,65.76391885031143,50.369774620704455,1.2559432157547911e-06
8,59.17191470354453,65.76391885031143,50.369774620704455,1.2559432157547911e-06
9,63.67301956264452,65.76391885031143,50.369774620704455,1.2559432157547911e-06
10,64.04015648502043,65.76391885031143,50.369774620704455,1.2559432157547911e-06
11,59.37605851272057,65.76391885031143,50.369774620704455,1.2559432157547911e-06
12,61.784826519845545,65.76391885031143,50.369774620704455,1.2559432157547911e-06
13,62.652758675060056,65.76391885031143,50.369774620704455,1.2559432157547911e-06
14,63.41136546518611,65.76391885031143,50.369774620704455,1.2559432157547911e-06
15,61.12821300550439,65.76391885031143,50.369774620704455,1.2559432157547911e-06
16,63.64139368342257,65.76391885031143,50.369774620704455,1.2559432157547911e-06
17,63.12700889850485,65.76391885031143,50.369774620704455,1.2559432157547911e-06
18,63.513530446195055,65.76391885031143,50.369774620704455,1.2559432157547911e-06
19,66.47273988833372,65.76391885031143,50.369774620704455,1.2559432157547911e-06
20,59.823781550615685,65.76391885031143,50.369774620704455,1.2559432157547911e-06
21,63.42651494344076,65.76391885031143,50.369774620704455,1.2559432157547911e-06
22,66.03264924849587,65.76391885031143,50.369774620704455,1.2559432157547911e-06
23,64.21941608122026,65.76391885031143,50.369774620704455,1.2559432157547911e-06
24,64.65487727899661,65.76391885031143,50.369774620704455,1.2559432157547911e-06
25,63.6717880512106,65.76391885031143,50.369774620704455,1.2559432157547911e-06
26,60.8461567451214,65.76391885031143,50.369774620704455,1.2559432157547911e-06
27,61.245973915889344,65.76391885031143,50.369774620704455,1.2559432157547911e-06
28,63.70861303395238,65.76391885031143,50.369774620704455,1.2559432157547911e-06
29,63.31537093239269,65.76391885031143,50.369774620704455,1.2559432157547911e-06
30,63.28796062250247,65.76391885031143,50.369774620704455,1.2559432157547911e-06
31,68.65523693479341,65.76391885031143,50.369774620704455,1.2559432157547911e-06
32,60.61199549970956,65.76391885031143,50.369774620704455,1.2559432157547911e-06
33,58.663145328390186,65.76391885031143,50.369774620704455,1.2559432157547911e-06
34,57.02468648450128,65.76391885031143,50.369774620704455,1.2559432157547911e-06
35,63.83500947623417,65.76391885031143,50.369774620704455,1.2559432157547911e-06
36,61.95260488575902,65.76391885031143,50.369774620704455,1.2559432157547911e-06
37,59.343815025241895,65.76391885031143,50.369774620704455,1.2559432157547911e-06
38,61.46546256405183,65.76391885031143,50.369774620704455,1.2559432157547911e-06
39,63.36639299063847,65.76391885031143,50.369774620704455,1.2559432157547911e-06
40,65.54362130439145,65.76391885031143,50.369774620704455,1.2559432157547911e-06
41,64.87853525972915,65.76391885031143,50.369774620704455,1.2559432157547911e-06
42,59.062045020618655,65.76391885031143,50.369774620704455,1.2559432157547911e-06
43,59.48259248404667,65.76391885031143,50.369774620704455,1.2559432157547911e-06
44,62.633256583378234,65.76391885031143,50.369774620704455,1.2559432157547911e-06
45,63.956237749121655,65.76391885031143,50.369774620704455,1.2559432157547911e-06
46,63.189221217714504,65.76391885031143,50.369774620704455,1.2559432157547911e-06
47,57.90642234100692,65.76391885031143,50.369774620704455,1.2559432157547911e-06
48,63.96139877143948,65.76391885031143,50.369774620704455,1.2559432157547911e-06
49,64.35837848707177,65.76391885031143,50.369774620704455,1.2559432157547911e-06
50,62.55783438408512,65.8971960084054,50.63785992868196,1.2559432157547911e-06
51,57.705919309594165,65.8971960084054,50.63785992868196,1.2559432157547911e-06
52,59.84797979771406,65.8971960084054,50.63785992868196,1.2559432157547911e-06
53,61.61150881887853,65.8971960084054,50.63785992868196,1.2559432157547911e-06
54,61.32208504073921,65.8971960084054,50.63785992868196,1.2559432157547911e-06
55,63.05442895560429,65.8971960084054,50.63785992868196,1.2559432157547911e-06
56,60.129134802982726,65.8971960084054,50.63785992868196,1.2559432157547911e-06
57,60.122423654315114,65.8971960084054,50.63785992868196,1.2559432157547911e-06
58,62.57773956211134,65.8971960084054,50.63785992868196,1.2559432157547911e-06
59,63.33438623362574,65.8971960084054,50.63785992868196,1.2559432157547911e-06
60,56.26253388941973,65.8971960084054,50.63785992868196,1.2559432157547911e-06
61,60.13393680528662,65.8971960084054,50.63785992868196,1.2559432157547911e-06
62,57.69291858015389,65.8971960084054,50.63785992868196,1.2559432157547911e-06
63,60.659949664411876,65.8971960084054,50.63785992868196,1.2559432157547911e-06
64,64.10199897590725,65.8971960084054,50.63785992868196,1.2559432157547911e-06
65,60.99813535843772,65.8971960084054,50.63785992868196,1.2559432157547911e-06
66,61.61548765774431,65.8971960084054,50.63785992868196,1.2559432157547911e-06
67,58.2365503420775,65.8971960084054,50.63785992868196,1.2559432157547911e-06
68,58.90530149964081,65.8971960084054,50.63785992868196,1.2559432157547911e-06
69,58.45210741854262,65.8971960084054,50.63785992868196,1.2559432157547911e-06
70,59.77142603644009,65.8971960084054,50.63785992868196,1.2559432157547911e-06
71,59.027935926941616,65.8971960084054,50.63785992868196,1.2559432157547911e-06
72,60.17552601605996,65.8971960084054,50.63785992868196,1.2559432157547911e-06
73,63.8048605206369,65.8971960084054,50.63785992868196,1.2559432157547911e-06
74,73.56927722623979,65.8971960084054,50.63785992868196,1.2559432157547911e-06
75,62.97552483657311,65.8971960084054,50.63785992868196,1.2559432157547911e-06
76,59.902141286038805,65.8971960084054,50.63785992868196,1.2559432157547911e-06
77,57.795005272174706,65.8971960084054,50.63785992868196,1.2559432157547911e-06
78,57.26361018213733,65.8971960084054,50.63785992868196,1.2559432157547911e-06
79,59.99694302438319,65.8971960084054,50.63785992868196,1.2559432157547911e-06
80,58.24816197362439,65.8971960084054,50.63785992868196,1.2559432157547911e-06
81,57.107055883297974,65.8971960084054,50.63785992868196,1.2559432157547911e-06
82,54.945902988828465,65.8971960084054,50.63785992868196,1.2559432157547911e-06
83,60.396804875340955,65.8971960084054,50.63785992868196,1.2559432157547911e-06
84,61.562948029616784,65.8971960084054,50.63785992868196,1.2559432157547911e-06
85,60.097660174315,65.8971960084054,50.63785992868196,1.2559432157547911e-06
86,58.573619513676086,65.8971960084054,50.63785992868196,1.2559432157547911e-06
87,58.97315069176685,65.8971960084054,50.63785992868196,1.2559432157547911e-06
88,57.89437782901457,65.8971960084054,50.63785992868196,1.2559432157547911e-06
89,56.02011807759603,65.8971960084054,50.63785992868196,1.2559432157547911e-06
90,56.16246585188241,65.8971960084054,50.63785992868196,1.2559432157547911e-06
91,57.5159925482739,65.8971960084054,50.63785992868196,1.2559432157547911e-06
92,63.4945652621916,65.8971960084054,50.63785992868196,1.2559432157547911e-06
93,56.91890374545393,65.8971960084054,50.63785992868196,1.2559432157547911e-06
94,56.59392749304059,65.8971960084054,50.63785992868196,1.2559432157547911e-06
95,56.97706220341825,65.8971960084054,50.63785992868196,1.2559432157547911e-06
96,59.11976559956869,65.8971960084054,50.63785992868196,1.2559432157547911e-06
97,58.29209292620078,65.8971960084054,50.63785992868196,1.2559432157547911e-06
98,56.93812317683779,65.8971960084054,50.63785992868196,1.2559432157547911e-06
99,56.30724694262976,65.8971960084054,50.63785992868196,1.2559432157547911e-06
100,58.13031424599132,65.84536645019506,50.95933527069176,1.2559432157547911e-06
101,56.32539678990156,65.84536645019506,50.95933527069176,1.2559432157547911e-06
102,60.93260138062225,65.84536645019506,50.95933527069176,1.2559432157547911e-06
103,57.86545646053621,65.84536645019506,50.95933527069176,1.2559432157547911e-06
104,58.231992305010216,65.84536645019506,50.95933527069176,1.2559432157547911e-06
105,62.38308459314807,65.84536645019506,50.95933527069176,1.2559432157547911e-06
106,60.20642484467605,65.84536645019506,50.95933527069176,1.2559432157547911e-06
107,57.380431493123375,65.84536645019506,50.95933527069176,1.2559432157547911e-06
108,59.65943862651957,65.84536645019506,50.95933527069176,1.2559432157547911e-06
109,54.9349343091592,65.84536645019506,50.95933527069176,1.2559432157547911e-06
110,56.20288813799277,65.84536645019506,50.95933527069176,1.2559432157547911e-06
111,57.40616478317085,65.84536645019506,50.95933527069176,1.2559432157547911e-06
112,58.49902896223397,65.84536645019506,50.95933527069176,1.2559432157547911e-06
113,57.0020383199056,65.84536645019506,50.95933527069176,1.2559432157547911e-06
114,109.29878059474902,65.84536645019506,50.95933527069176,1.2559432157547911e-06
115,57.992477022368334,65.84536645019506,50.95933527069176,1.2559432157547911e-06
116,57.88038694447484,65.84536645019506,50.95933527069176,1.2559432157547911e-06
117,58.94750185122435,65.84536645019506,50.95933527069176,1.2559432157547911e-06
118,58.78496935175753,65.84536645019506,50.95933527069176,1.2559432157547911e-06
119,58.92418223413928,65.84536645019506,50.95933527069176,1.2559432157547911e-06
120,56.0061619418791,65.84536645019506,50.95933527069176,1.2559432157547911e-06
121,58.63342364081021,65.84536645019506,50.95933527069176,1.2559432157547911e-06
122,57.04346314791975,65.84536645019506,50.95933527069176,1.2559432157547911e-06
123,58.21336733061692,65.84536645019506,50.95933527069176,1.2559432157547911e-06
124,56.77037087802229,65.84536645019506,50.95933527069176,1.2559432157547911e-06
125,57.63246007897388,65.84536645019506,50.95933527069176,1.2559432157547911e-06
126,55.92345551238663,65.84536645019506,50.95933527069176,1.2559432157547911e-06
127,58.34951944460814,65.84536645019506,50.95933527069176,1.2559432157547911e-06
128,57.17024638735015,65.84536645019506,50.95933527069176,1.2559432157547911e-06
129,56.728166251346984,65.84536645019506,50.95933527069176,1.2559432157547911e-06
130,58.91097285829741,65.84536645019506,50.95933527069176,1.2559432157547911e-06
131,56.59388840335539,65.84536645019506,50.95933527069176,1.2559432157547911e-06
132,54.89457093162098,65.84536645019506,50.95933527069176,1.2559432157547911e-06
133,55.274723491449464,65.84536645019506,50.95933527069176,1.2559432157547911e-06
134,59.937082115261035,65.84536645019506,50.95933527069176,1.2559432157547911e-06
135,55.83406899989336,65.84536645019506,50.95933527069176,1.2559432157547911e-06
136,59.60354427907659,65.84536645019506,50.95933527069176,1.2559432157547911e-06
137,58.08699945471753,65.84536645019506,50.95933527069176,1.2559432157547911e-06
138,55.515663585443605,65.84536645019506,50.95933527069176,1.2559432157547911e-06
139,57.99647710515165,65.84536645019506,50.95933527069176,1.2559432157547911e-06
140,57.90370862237339,65.84536645019506,50.95933527069176,1.2559432157547911e-06
141,59.284672638465615,65.84536645019506,50.95933527069176,1.2559432157547911e-06
142,55.61510180330824,65.84536645019506,50.95933527069176,1.2559432157547911e-06
143,57.819802273278945,65.84536645019506,50.95933527069176,1.2559432157547911e-06
144,56.592427176990725,65.84536645019506,50.95933527069176,1.2559432157547911e-06
145,56.256503335360826,65.84536645019506,50.95933527069176,1.2559432157547911e-06
146,53.89617648069886,65.84536645019506,50.95933527069176,1.2559432157547911e-06
147,54.58220762493966,65.84536645019506,50.95933527069176,1.2559432157547911e-06
148,60.53708317636073,65.84536645019506,50.95933527069176,1.2559432157547911e-06
149,56.29115891730648,65.84536645019506,50.95933527069176,1.2559432157547911e-06
150,56.37437875243439,65.96316211871307,51.22060800207042,1.2559432157547911e-06
151,61.808766814483995,65.96316211871307,51.22060800207042,1.2559432157547911e-06
152,56.29729012237198,65.96316211871307,51.22060800207042,1.2559432157547911e-06
153,56.32697964810777,65.96316211871307,51.22060800207042,1.2559432157547911e-06
154,55.623558548675184,65.96316211871307,51.22060800207042,1.2559432157547911e-06
155,57.25218150259435,65.96316211871307,51.22060800207042,1.2559432157547911e-06
156,57.273769071732445,65.96316211871307,51.22060800207042,1.2559432157547911e-06
157,58.26172471320492,65.96316211871307,51.22060800207042,1.2559432157547911e-06
158,53.65118467396703,65.96316211871307,51.22060800207042,1.2559432157547911e-06
159,54.020310237489895,65.96316211871307,51.22060800207042,1.2559432157547911e-06
160,55.79758701105227,65.96316211871307,51.22060800207042,1.2559432157547911e-06
161,53.71731975160796,65.96316211871307,51.22060800207042,1.2559432157547911e-06
162,58.96418279888986,65.96316211871307,51.22060800207042,1.2559432157547911e-06
163,59.41786042575178,65.96316211871307,51.22060800207042,1.2559432157547911e-06
164,53.04881117809778,65.96316211871307,51.22060800207042,1.2559432157547911e-06
165,53.52413984276782,65.96316211871307,51.22060800207042,1.2559432157547911e-06
166,55.7367707614241,65.96316211871307,51.22060800207042,1.2559432157547911e-06
167,55.54935251433274,65.96316211871307,51.22060800207042,1.2559432157547911e-06
168,144.24913568606323,65.96316211871307,51.22060800207042,1.2559432157547911e-06
169,62.80932071291167,65.96316211871307,51.22060800207042,1.2559432157547911e-06
170,57.86496776273881,65.96316211871307,51.22060800207042,1.2559432157547911e-06
171,58.29936827736339,65.96316211871307,51.22060800207042,1.2559432157547911e-06
172,52.87064401034651,65.96316211871307,51.22060800207042,1.2559432157547911e-06
173,54.87256731932191,65.96316211871307,51.22060800207042,1.2559432157547911e-06
174,55.319131960814026,65.96316211871307,51.22060800207042,1.2559432157547911e-06
175,55.93765734530043,65.96316211871307,51.22060800207042,1.2559432157547911e-06
176,53.31068159519941,65.96316211871307,51.22060800207042,1.2559432157547911e-06
177,54.751948959525976,65.96316211871307,51.22060800207042,1.2559432157547911e-06
178,53.37665439474171,65.96316211871307,51.22060800207042,1.2559432157547911e-06
179,56.532117207845054,65.96316211871307,51.22060800207042,1.2559432157547911e-06
180,54.99517052749108,65.96316211871307,51.22060800207042,1.2559432157547911e-06
181,56.127316354335036,65.96316211871307,51.22060800207042,1.2559432157547911e-06
182,58.456425962776976,65.96316211871307,51.22060800207042,1.2559432157547911e-06
183,55.28873031440823,65.96316211871307,51.22060800207042,1.2559432157547911e-06
184,57.279554410912525,65.96316211871307,51.22060800207042,1.2559432157547911e-06
185,53.69505570948809,65.96316211871307,51.22060800207042,1.2559432157547911e-06
186,53.36398740746509,65.96316211871307,51.22060800207042,1.2559432157547911e-06
187,53.75725033639491,65.96316211871307,51.22060800207042,1.2559432157547911e-06
188,55.09145103103813,65.96316211871307,51.22060800207042,1.2559432157547911e-06
189,52.254612517082826,65.96316211871307,51.22060800207042,1.2559432157547911e-06
190,56.4046599947173,65.96316211871307,51.22060800207042,1.2559432157547911e-06
191,55.46235575621156,65.96316211871307,51.22060800207042,1.2559432157547911e-06
192,52.78224164590068,65.96316211871307,51.22060800207042,1.2559432157547911e-06
193,53.54725958287031,65.96316211871307,51.22060800207042,1.2559432157547911e-06
194,55.84251353384435,65.96316211871307,51.22060800207042,1.2559432157547911e-06
195,53.42657345738904,65.96316211871307,51.22060800207042,1.2559432157547911e-06
196,55.50398909908601,65.96316211871307,51.22060800207042,1.2559432157547911e-06
197,55.945223051926185,65.96316211871307,51.22060800207042,1.2559432157547911e-06
198,53.10994858577334,65.96316211871307,51.22060800207042,1.2559432157547911e-06
199,54.862984185931325,65.96316211871307,51.22060800207042,1.2559432157547911e-06
200,53.18048941952058,66.10849584042408,51.460604324216256,1.2559432157547911e-06
201,54.56842391792385,66.10849584042408,51.460604324216256,1.2559432157547911e-06
202,53.360249026068324,66.10849584042408,51.460604324216256,1.2559432157547911e-06
203,54.97951886845731,66.10849584042408,51.460604324216256,1.2559432157547911e-06
204,54.744719779354405,66.10849584042408,51.460604324216256,1.2559432157547911e-06
205,54.39048628971494,66.10849584042408,51.460604324216256,1.2559432157547911e-06
206,52.35492815916566,66.10849584042408,51.460604324216256,1.2559432157547911e-06
207,57.45497677243989,66.10849584042408,51.460604324216256,1.2559432157547911e-06
208,52.97613189960348,66.10849584042408,51.460604324216256,1.2559432157547911e-06
209,54.076207873465,66.10849584042408,51.460604324216256,1.2559432157547911e-06
210,57.571425777742235,66.10849584042408,51.460604324216256,1.2559432157547911e-06
211,53.03362105358606,66.10849584042408,51.460604324216256,1.2559432157547911e-06
212,56.80829109542671,66.10849584042408,51.460604324216256,1.2559432157547911e-06
213,55.70071748755444,66.10849584042408,51.460604324216256,1.2559432157547911e-06
214,51.82017942406665,66.10849584042408,51.460604324216256,1.2559432157547911e-06
215,55.23016289458878,66.10849584042408,51.460604324216256,1.2559432157547911e-06
216,54.34965212591763,66.10849584042408,51.460604324216256,1.2559432157547911e-06
217,57.38619186138285,66.10849584042408,51.460604324216256,1.2559432157547911e-06
218,56.60052542850889,66.10849584042408,51.460604324216256,1.2559432157547911e-06
219,52.81488935974823,66.10849584042408,51.460604324216256,1.2559432157547911e-06
220,54.18183499917217,66.10849584042408,51.460604324216256,1.2559432157547911e-06
221,52.163202000760485,66.10849584042408,51.460604324216256,1.2559432157547911e-06
222,52.86369446502335,66.10849584042408,51.460604324216256,1.2559432157547911e-06
223,52.797297751766514,66.10849584042408,51.460604324216256,1.2559432157547911e-06
224,58.36099909639906,66.10849584042408,51.460604324216256,1.2559432157547911e-06
225,52.28461289679867,66.10849584042408,51.460604324216256,1.2559432157547911e-06
226,52.396325648516076,66.10849584042408,51.460604324216256,1.2559432157547911e-06
227,56.23871825207239,66.10849584042408,51.460604324216256,1.2559432157547911e-06
228,52.679389909766186,66.10849584042408,51.460604324216256,1.2559432157547911e-06
229,56.03824832521636,66.10849584042408,51.460604324216256,1.2559432157547911e-06
230,53.6264753232057,66.10849584042408,51.460604324216256,1.2559432157547911e-06
231,52.72672317767965,66.10849584042408,51.460604324216256,1.2559432157547911e-06
232,53.3147947377172,66.10849584042408,51.460604324216256,1.2559432157547911e-06
233,51.582474237200856,66.10849584042408,51.460604324216256,1.2559432157547911e-06
234,51.271224646732726,66.10849584042408,51.460604324216256,1.2559432157547911e-06
235,54.135190393732884,66.10849584042408,51.460604324216256,1.2559432157547911e-06
236,53.495526916679296,66.10849584042408,51.460604324216256,1.2559432157547911e-06
237,53.314828193050694,66.10849584042408,51.460604324216256,1.2559432157547911e-06
238,57.40779988519077,66.10849584042408,51.460604324216256,1.2559432157547911e-06
239,52.60838188522163,66.10849584042408,51.460604324216256,1.2559432157547911e-06
240,52.590660840615456,66.10849584042408,51.460604324216256,1.2559432157547911e-06
241,50.97310949742109,66.10849584042408,51.460604324216256,1.2559432157547911e-06
242,131.10007257571166,66.10849584042408,51.460604324216256,1.2559432157547911e-06
243,82.48284372790107,66.10849584042408,51.460604324216256,1.2559432157547911e-06
244,59.190374330542554,66.10849584042408,51.460604324216256,1.2559432157547911e-06
245,52.75854956966707,66.10849584042408,51.460604324216256,1.2559432157547911e-06
246,60.429848966927366,66.10849584042408,51.460604324216256,1.2559432157547911e-06
247,52.07277909640608,66.10849584042408,51.460604324216256,1.2559432157547911e-06
248,53.10019067786206,66.10849584042408,51.460604324216256,1.2559432157547911e-06
249,52.051615967147654,66.10849584042408,51.460604324216256,1.2559432157547911e-06
250,52.983667483274964,66.3149250139097,51.68526250289399,1.2559432157547911e-06
251,56.82361631283815,66.3149250139097,51.68526250289399,1.2559432157547911e-06
252,54.86489594119719,66.3149250139097,51.68526250289399,1.2559432157547911e-06
253,53.738900875223095,66.3149250139097,51.68526250289399,1.2559432157547911e-06
254,52.33838377327755,66.3149250139097,51.68526250289399,1.2559432157547911e-06
255,51.34710978365492,66.3149250139097,51.68526250289399,1.2559432157547911e-06
256,50.55656264294153,66.3149250139097,51.68526250289399,1.2559432157547911e-06
257,51.6802991888989,66.3149250139097,51.68526250289399,1.2559432157547911e-06
258,52.25847103951991,66.3149250139097,51.68526250289399,1.2559432157547911e-06
259,52.0047102961047,66.3149250139097,51.68526250289399,1.2559432157547911e-06
260,52.83181265030784,66.3149250139097,51.68526250289399,1.2559432157547911e-06
261,54.835373297504994,66.3149250139097,51.68526250289399,1.2559432157547911e-06
262,52.12750437067843,66.3149250139097,51.68526250289399,1.2559432157547911e-06
263,49.82777439862832,66.3149250139097,51.68526250289399,1.2559432157547911e-06
264,52.26483241991065,66.3149250139097,51.68526250289399,1.2559432157547911e-06
265,48.63718765083401,66.3149250139097,51.68526250289399,1.2559432157547911e-06
266,50.78801736064341,66.3149250139097,51.68526250289399,1.2559432157547911e-06
267,53.75749859864684,66.3149250139097,51.68526250289399,1.2559432157547911e-06
268,49.14134475006454,66.3149250139097,51.68526250289399,1.2559432157547911e-06
269,50.00075539775278,66.3149250139097,51.68526250289399,1.2559432157547911e-06
270,50.60185237314509,66.3149250139097,51.68526250289399,1.2559432157547911e-06
271,50.398689401560816,66.3149250139097,51.68526250289399,1.2559432157547911e-06
272,52.26182685501274,66.3149250139097,51.68526250289399,1.2559432157547911e-06
273,51.23176022233634,66.3149250139097,51.68526250289399,1.2559432157547911e-06
274,52.833940856758204,66.3149250139097,51.68526250289399,1.2559432157547911e-06
275,52.361820308641455,66.3149250139097,51.68526250289399,1.2559432157547911e-06
276,54.53534437596113,66.3149250139097,51.68526250289399,1.2559432157547911e-06
277,50.73914495007745,66.3149250139097,51.68526250289399,1.2559432157547911e-06
278,52.87922403182107,66.3149250139097,51.68526250289399,1.2559432157547911e-06
279,52.867803266678735,66.3149250139097,51.68526250289399,1.2559432157547911e-06
280,52.98059353883239,66.3149250139097,51.68526250289399,1.2559432157547911e-06
281,53.65507726559694,66.3149250139097,51.68526250289399,1.2559432157547911e-06
282,52.51597272938695,66.3149250139097,51.68526250289399,1.2559432157547911e-06
283,52.096291355703066,66.3149250139097,51.68526250289399,1.2559432157547911e-06
284,49.88241351335898,66.3149250139097,51.68526250289399,1.2559432157547911e-06
285,54.90891386448652,66.3149250139097,51.68526250289399,1.2559432157547911e-06
286,48.53995643264946,66.3149250139097,51.68526250289399,1.2559432157547911e-06
287,50.86661115185968,66.3149250139097,51.68526250289399,1.2559432157547911e-06
288,56.374073269723475,66.3149250139097,51.68526250289399,1.2559432157547911e-06
289,52.03525988260905,66.3149250139097,51.68526250289399,1.2559432157547911e-06
290,54.80974059269346,66.3149250139097,51.68526250289399,1.2559432157547911e-06
291,49.497567187780625,66.3149250139097,51.68526250289399,1.2559432157547911e-06
292,50.780636601064394,66.3149250139097,51.68526250289399,1.2559432157547911e-06
293,52.09611644964109,66.3149250139097,51.68526250289399,1.2559432157547911e-06
294,53.10142207967824,66.3149250139097,51.68526250289399,1.2559432157547911e-06
295,50.2139730563109,66.3149250139097,51.68526250289399,1.2559432157547911e-06
296,51.61859575907389,66.3149250139097,51.68526250289399,1.2559432157547911e-06
297,51.187582827162466,66.3149250139097,51.68526250289399,1.2559432157547911e-06
298,52.29716903861912,66.3149250139097,51.68526250289399,1.2559432157547911e-06
299,49.30438221460101,66.3149250139097,51.68526250289399,1.2559432157547911e-06
300,51.631977015528186,66.22781842148198,52.03471102677014,1.2559432157547911e-06
301,55.98300429596298,66.22781842148198,52.03471102677014,1.2559432157547911e-06
302,53.18068530641753,66.22781842148198,52.03471102677014,1.2559432157547911e-06
303,49.749544845230275,66.22781842148198,52.03471102677014,1.2559432157547911e-06
304,50.797781845618935,66.22781842148198,52.03471102677014,1.2559432157547911e-06
305,51.12817838822288,66.22781842148198,52.03471102677014,1.2559432157547911e-06
306,50.169820325127965,66.22781842148198,52.03471102677014,1.2559432157547911e-06
307,50.98574739215018,66.22781842148198,52.03471102677014,1.2559432157547911e-06
308,50.641953216201955,66.22781842148198,52.03471102677014,1.2559432157547911e-06
309,48.8873637626911,66.22781842148198,52.03471102677014,1.2559432157547911e-06
310,103.74207676416155,66.22781842148198,52.03471102677014,1.2559432157547911e-06
311,101.84283745425871,66.22781842148198,52.03471102677014,1.2559432157547911e-06
312,52.724934238126906,66.22781842148198,52.03471102677014,1.2559432157547911e-06
313,53.722002972131484,66.22781842148198,52.03471102677014,1.2559432157547911e-06
314,52.46781061983656,66.22781842148198,52.03471102677014,1.2559432157547911e-06
315,51.07188205061288,66.22781842148198,52.03471102677014,1.2559432157547911e-06
316,48.5326362478322,66.22781842148198,52.03471102677014,1.2559432157547911e-06
317,47.81033943439352,66.22781842148198,52.03471102677014,1.2559432157547911e-06
318,49.236835940130824,66.22781842148198,52.03471102677014,1.2559432157547911e-06
319,49.52306938171387,66.22781842148198,52.03471102677014,1.2559432157547911e-06
320,50.589799793287256,66.22781842148198,52.03471102677014,1.2559432157547911e-06
321,48.056306027818,66.22781842148198,52.03471102677014,1.2559432157547911e-06
322,48.709663193801354,66.22781842148198,52.03471102677014,1.2559432157547911e-06
323,50.2729896019245,66.22781842148198,52.03471102677014,1.2559432157547911e-06
324,49.807458044468675,66.22781842148198,52.03471102677014,1.2559432157547911e-06
325,49.2761691520954,66.22781842148198,52.03471102677014,1.2559432157547911e-06
326,49.2356448995656,66.22781842148198,52.03471102677014,1.2559432157547911e-06
327,52.080032151320886,66.22781842148198,52.03471102677014,1.2559432157547911e-06
328,48.91921545445234,66.22781842148198,52.03471102677014,1.2559432157547911e-06
329,49.38584290427723,66.22781842148198,52.03471102677014,1.2559432157547911e-06
330,49.79572945079584,66.22781842148198,52.03471102677014,1.2559432157547911e-06
331,50.270296294113685,66.22781842148198,52.03471102677014,1.2559432157547911e-06
332,49.37523556851793,66.22781842148198,52.03471102677014,1.2559432157547911e-06
333,51.62874693158029,66.22781842148198,52.03471102677014,1.2559432157547911e-06
334,49.87577942596085,66.22781842148198,52.03471102677014,1.2559432157547911e-06
335,48.68382585459742,66.22781842148198,52.03471102677014,1.2559432157547911e-06
336,50.688736707314675,66.22781842148198,52.03471102677014,1.2559432157547911e-06
337,49.72092143968604,66.22781842148198,52.03471102677014,1.2559432157547911e-06
338,50.41647485754956,66.22781842148198,52.03471102677014,1.2559432157547911e-06
339,51.80249415869,66.22781842148198,52.03471102677014,1.2559432157547911e-06
340,49.508102438915735,66.22781842148198,52.03471102677014,1.2559432157547911e-06
341,49.900169350635046,66.22781842148198,52.03471102677014,1.2559432157547911e-06
342,48.277202080036034,66.22781842148198,52.03471102677014,1.2559432157547911e-06
343,49.86682010519093,66.22781842148198,52.03471102677014,1.2559432157547911e-06
344,51.41901809867771,66.22781842148198,52.03471102677014,1.2559432157547911e-06
345,50.94952719238983,66.22781842148198,52.03471102677014,1.2559432157547911e-06
346,49.26383088649004,66.22781842148198,52.03471102677014,1.2559432157547911e-06
347,50.69705244042407,66.22781842148198,52.03471102677014,1.2559432157547911e-06
348,50.85591026832317,66.22781842148198,52.03471102677014,1.2559432157547911e-06
349,50.02062670389811,66.22781842148198,52.03471102677014,1.2559432157547911e-06
350,48.80260695534191,65.89260787321204,52.28418634599595,1.2559432157547911e-06
351,49.737828857597265,65.89260787321204,52.28418634599595,1.2559432157547911e-06
352,47.52099925074084,65.89260787321204,52.28418634599595,1.2559432157547911e-06
353,48.34669748942057,65.89260787321204,52.28418634599595,1.2559432157547911e-06
354,54.427912503823464,65.89260787321204,52.28418634599595,1.2559432157547911e-06
355,50.7830924987793,65.89260787321204,52.28418634599595,1.2559432157547911e-06
356,49.774982386621936,65.89260787321204,52.28418634599595,1.2559432157547911e-06
357,52.19284222043794,65.89260787321204,52.28418634599595,1.2559432157547911e-06
358,48.33207807869747,65.89260787321204,52.28418634599595,1.2559432157547911e-06
359,52.484214431938085,65.89260787321204,52.28418634599595,1.2559432157547911e-06
360,48.121201657700816,65.89260787321204,52.28418634599595,1.2559432157547911e-06
361,48.49131983176045,65.89260787321204,52.28418634599595,1.2559432157547911e-06
362,51.80693990334697,65.89260787321204,52.28418634599595,1.2559432157547911e-06
363,50.100357801064675,65.89260787321204,52.28418634599595,1.2559432157547911e-06
364,46.821327472555225,65.89260787321204,52.28418634599595,1.2559432157547911e-06
365,51.6503032158161,65.89260787321204,52.28418634599595,1.2559432157547911e-06
366,49.77798507953512,65.89260787321204,52.28418634599595,1.2559432157547911e-06
367,45.86101051856731,65.89260787321204,52.28418634599595,1.2559432157547911e-06
368,52.41559241283899,65.89260787321204,52.28418634599595,1.2559432157547911e-06
369,51.75525075539775,65.89260787321204,52.28418634599595,1.2559432157547911e-06
370,46.325206011191185,65.89260787321204,52.28418634599595,1.2559432157547911e-06
371,47.682157911103346,65.89260787321204,52.28418634599595,1.2559432157547911e-06
372,47.93609687103622,65.89260787321204,52.28418634599595,1.2559432157547911e-06
373,49.0580268728322,65.89260787321204,52.28418634599595,1.2559432157547911e-06
374,49.07915913373574,65.89260787321204,52.28418634599595,1.2559432157547911e-06
375,50.45253036762106,65.89260787321204,52.28418634599595,1.2559432157547911e-06
376,49.15384527184497,65.89260787321204,52.28418634599595,1.2559432157547911e-06
377,46.13742367974643,65.89260787321204,52.28418634599595,1.2559432157547911e-06
378,50.041839007673595,65.89260787321204,52.28418634599595,1.2559432157547911e-06
379,48.24784636223453,65.89260787321204,52.28418634599595,1.2559432157547911e-06
380,48.97640379543962,65.89260787321204,52.28418634599595,1.2559432157547911e-06
381,46.30249810492855,65.89260787321204,52.28418634599595,1.2559432157547911e-06
382,51.15760511639474,65.89260787321204,52.28418634599595,1.2559432157547911e-06
383,47.43781490983634,65.89260787321204,52.28418634599595,1.2559432157547911e-06
384,46.74423524703103,65.89260787321204,52.28418634599595,1.2559432157547911e-06
385,48.97322203099043,65.89260787321204,52.28418634599595,1.2559432157547911e-06
386,48.63695162192158,65.89260787321204,52.28418634599595,1.2559432157547911e-06
387,49.363104568130666,65.89260787321204,52.28418634599595,1.2559432157547911e-06
388,46.75259804999691,65.89260787321204,52.28418634599595,1.2559432157547911e-06
389,47.4206907557345,65.89260787321204,52.28418634599595,1.2559432157547911e-06
390,47.88455467662592,65.89260787321204,52.28418634599595,1.2559432157547911e-06
391,46.84754832037564,65.89260787321204,52.28418634599595,1.2559432157547911e-06
392,47.39378839251639,65.89260787321204,52.28418634599595,1.2559432157547911e-06
393,46.34729722998608,65.89260787321204,52.28418634599595,1.2559432157547911e-06
394,48.02353944449589,65.89260787321204,52.28418634599595,1.2559432157547911e-06
395,103.21774390648152,65.89260787321204,52.28418634599595,1.2559432157547911e-06
396,123.67021990370476,65.89260787321204,52.28418634599595,1.2559432157547911e-06
397,52.261086847590306,65.89260787321204,52.28418634599595,1.2559432157547911e-06
398,52.897414284190916,65.89260787321204,52.28418634599595,1.2559432157547911e-06
399,49.14678536338368,65.89260787321204,52.28418634599595,1.2559432157547911e-06
400,52.337563262588674,66.55185241225287,52.49362595535941,1.2559432157547911e-06
401,48.58566126330145,66.55185241225287,52.49362595535941,1.2559432157547911e-06
402,49.8486679340231,66.55185241225287,52.49362595535941,1.2559432157547911e-06
403,47.876038233439125,66.55185241225287,52.49362595535941,1.2559432157547911e-06
404,47.71201898859835,66.55185241225287,52.49362595535941,1.2559432157547911e-06
405,46.171697550806506,66.55185241225287,52.49362595535941,1.2559432157547911e-06
406,46.56863556785145,66.55185241225287,52.49362595535941,1.2559432157547911e-06
407,48.66861830086544,66.55185241225287,52.49362595535941,1.2559432157547911e-06
408,47.81177104204551,66.55185241225287,52.49362595535941,1.2559432157547911e-06
409,49.17135740696699,66.55185241225287,52.49362595535941,1.2559432157547911e-06
410,50.10837256771394,66.55185241225287,52.49362595535941,1.2559432157547911e-06
411,49.954349013580675,66.55185241225287,52.49362595535941,1.2559432157547911e-06
412,48.134743745299595,66.55185241225287,52.49362595535941,1.2559432157547911e-06
413,46.183921287799706,66.55185241225287,52.49362595535941,1.2559432157547911e-06
414,50.997627060988854,66.55185241225287,52.49362595535941,1.2559432157547911e-06
415,49.44779251361715,66.55185241225287,52.49362595535941,1.2559432157547911e-06
416,46.79263165353358,66.55185241225287,52.49362595535941,1.2559432157547911e-06
417,46.98902809756926,66.55185241225287,52.49362595535941,1.2559432157547911e-06
418,46.68031143320018,66.55185241225287,52.49362595535941,1.2559432157547911e-06
419,48.554441978191505,66.55185241225287,52.49362595535941,1.2559432157547911e-06
420,49.5508251847892,66.55185241225287,52.49362595535941,1.2559432157547911e-06
421,49.37062546302532,66.55185241225287,52.49362595535941,1.2559432157547911e-06
422,49.18483361430552,66.55185241225287,52.49362595535941,1.2559432157547911e-06
423,46.87852022017556,66.55185241225287,52.49362595535941,1.2559432157547911e-06
424,48.072349022174706,66.55185241225287,52.49362595535941,1.2559432157547911e-06
425,45.492440563508836,66.55185241225287,52.49362595535941,1.2559432157547911e-06
426,45.72924478026642,66.55185241225287,52.49362595535941,1.2559432157547911e-06
427,48.78896097205151,66.55185241225287,52.49362595535941,1.2559432157547911e-06
428,44.218300304193605,66.55185241225287,52.49362595535941,1.2559432157547911e-06
429,45.39090336328265,66.55185241225287,52.49362595535941,1.2559432157547911e-06
430,46.766783549867824,66.55185241225287,52.49362595535941,1.2559432157547911e-06
431,46.38899579541437,66.55185241225287,52.49362595535941,1.2559432157547911e-06
432,45.915149513332324,66.55185241225287,52.49362595535941,1.2559432157547911e-06
433,45.47499615022506,66.55185241225287,52.49362595535941,1.2559432157547911e-06
434,51.51834369527882,66.55185241225287,52.49362595535941,1.2559432157547911e-06
435,51.604637979090896,66.55185241225287,52.49362595535941,1.2559432157547911e-06
436,47.319540747280776,66.55185241225287,52.49362595535941,1.2559432157547911e-06
437,45.882589975992836,66.55185241225287,52.49362595535941,1.2559432157547911e-06
438,46.70787381577766,66.55185241225287,52.49362595535941,1.2559432157547911e-06
439,46.08068670075515,66.55185241225287,52.49362595535941,1.2559432157547911e-06
440,48.38796201245538,66.55185241225287,52.49362595535941,1.2559432157547911e-06
441,48.22484687279011,66.55185241225287,52.49362595535941,1.2559432157547911e-06
442,46.93394093129827,66.55185241225287,52.49362595535941,1.2559432157547911e-06
443,47.65348813725614,66.55185241225287,52.49362595535941,1.2559432157547911e-06
444,48.41756268205314,66.55185241225287,52.49362595535941,1.2559432157547911e-06
445,45.370988341583605,66.55185241225287,52.49362595535941,1.2559432157547911e-06
446,46.297308603922524,66.55185241225287,52.49362595535941,1.2559432157547911e-06
447,45.893722819185804,66.55185241225287,52.49362595535941,1.2559432157547911e-06
448,47.538981032097475,66.55185241225287,52.49362595535941,1.2559432157547911e-06
449,52.845813729297156,66.55185241225287,52.49362595535941,1.2559432157547911e-06
450,48.77551874621161,67.09818006816175,52.821893367771516,1.2559432157547911e-06
451,48.17241381502699,67.09818006816175,52.821893367771516,1.2559432157547911e-06
452,48.66242358328282,67.09818006816175,52.821893367771516,1.2559432157547911e-06
453,46.29056051407737,67.09818006816175,52.821893367771516,1.2559432157547911e-06
454,48.92680707471124,67.09818006816175,52.821893367771516,1.2559432157547911e-06
455,48.06719161724222,67.09818006816175,52.821893367771516,1.2559432157547911e-06
456,47.64268147260293,67.09818006816175,52.821893367771516,1.2559432157547911e-06
457,47.95009227182673,67.09818006816175,52.821893367771516,1.2559432157547911e-06
458,44.657725060123134,67.09818006816175,52.821893367771516,1.2559432157547911e-06
459,46.81522735508009,67.09818006816175,52.821893367771516,1.2559432157547911e-06
460,46.38048182958844,67.09818006816175,52.821893367771516,1.2559432157547911e-06
461,44.16935451551416,67.09818006816175,52.821893367771516,1.2559432157547911e-06
462,45.04758021475255,67.09818006816175,52.821893367771516,1.2559432157547911e-06
463,49.240686592014356,67.09818006816175,52.821893367771516,1.2559432157547911e-06
464,107.81979762548688,67.09818006816175,52.821893367771516,1.2559432157547911e-06
465,46.706199032136766,67.09818006816175,52.821893367771516,1.2559432157547911e-06
466,48.97281703729739,67.09818006816175,52.821893367771516,1.2559432157547911e-06
467,49.67077207017219,67.09818006816175,52.821893367771516,1.2559432157547911e-06
468,47.22178250893779,67.09818006816175,52.821893367771516,1.2559432157547911e-06
469,47.19287670617816,67.09818006816175,52.821893367771516,1.2559432157547911e-06
470,47.117096539201405,67.09818006816175,52.821893367771516,1.2559432157547911e-06
471,45.71965083856692,67.09818006816175,52.821893367771516,1.2559432157547911e-06
472,47.25543061618147,67.09818006816175,52.821893367771516,1.2559432157547911e-06
473,45.89699034855283,67.09818006816175,52.821893367771516,1.2559432157547911e-06
474,44.57885003363949,67.09818006816175,52.821893367771516,1.2559432157547911e-06
475,44.63878401394548,67.09818006816175,52.821893367771516,1.2559432157547911e-06
476,45.332061855272315,67.09818006816175,52.821893367771516,1.2559432157547911e-06
477,45.28006564611676,67.09818006816175,52.821893367771516,1.2559432157547911e-06
478,44.84354027934458,67.09818006816175,52.821893367771516,1.2559432157547911e-06
479,44.12960615925405,67.09818006816175,52.821893367771516,1.2559432157547911e-06
480,46.33567018618529,67.09818006816175,52.821893367771516,1.2559432157547911e-06
481,45.88578886273263,67.09818006816175,52.821893367771516,1.2559432157547911e-06
482,44.89457849524487,67.09818006816175,52.821893367771516,1.2559432157547911e-06
483,49.60341368050411,67.09818006816175,52.821893367771516,1.2559432157547911e-06
484,49.00420519949376,67.09818006816175,52.821893367771516,1.2559432157547911e-06
485,46.24344659125668,67.09818006816175,52.821893367771516,1.2559432157547911e-06
486,45.01523671205016,67.09818006816175,52.821893367771516,1.2559432157547911e-06
487,48.478235683221925,67.09818006816175,52.821893367771516,1.2559432157547911e-06
488,45.51393648125659,67.09818006816175,52.821893367771516,1.2559432157547911e-06
489,47.41779266006645,67.09818006816175,52.821893367771516,1.2559432157547911e-06
490,44.71500050336465,67.09818006816175,52.821893367771516,1.2559432157547911e-06
491,44.79469437434756,67.09818006816175,52.821893367771516,1.2559432157547911e-06
492,46.08374880648207,67.09818006816175,52.821893367771516,1.2559432157547911e-06
493,44.78284145223683,67.09818006816175,52.821893367771516,1.2559432157547911e-06
494,46.069499355623094,67.09818006816175,52.821893367771516,1.2559432157547911e-06
495,46.345261716294566,67.09818006816175,52.821893367771516,1.2559432157547911e-06
496,44.432619336007654,67.09818006816175,52.821893367771516,1.2559432157547911e-06
497,44.619781757223194,67.09818006816175,52.821893367771516,1.2559432157547911e-06
498,45.174167764597925,67.09818006816175,52.821893367771516,1.2559432157547911e-06
499,61.19388551821654,67.09818006816175,52.821893367771516,1.2559432157547911e-06
500,44.3756744560154,66.97593569274413,53.102086850328405,1.2559432157547911e-06
501,44.83456302511281,66.97593569274413,53.102086850328405,1.2559432157547911e-06
502,45.82206708535381,66.97593569274413,53.102086850328405,1.2559432157547911e-06
503,51.07454299926758,66.97593569274413,53.102086850328405,1.2559432157547911e-06
504,44.76603295337195,66.97593569274413,53.102086850328405,1.2559432157547911e-06
505,43.8175496506965,66.97593569274413,53.102086850328405,1.2559432157547911e-06
506,46.26021821471466,66.97593569274413,53.102086850328405,1.2559432157547911e-06
507,44.69467079776457,66.97593569274413,53.102086850328405,1.2559432157547911e-06
508,45.350917268073424,66.97593569274413,53.102086850328405,1.2559432157547911e-06
509,44.556756600566295,66.97593569274413,53.102086850328405,1.2559432157547911e-06
510,45.81766819131786,66.97593569274413,53.102086850328405,1.2559432157547911e-06
511,45.58990371090242,66.97593569274413,53.102086850328405,1.2559432157547911e-06
512,47.55067053608511,66.97593569274413,53.102086850328405,1.2559432157547911e-06
513,44.36916765673407,66.97593569274413,53.102086850328405,1.2559432157547911e-06
514,43.906093465870825,66.97593569274413,53.102086850328405,1.2559432157547911e-06
515,49.716604583564845,66.97593569274413,53.102086850328405,1.2559432157547911e-06
516,44.4716283206282,66.97593569274413,53.102086850328405,1.2559432157547911e-06
517,44.443236098892385,66.97593569274413,53.102086850328405,1.2559432157547911e-06
518,45.89283517859448,66.97593569274413,53.102086850328405,1.2559432157547911e-06
519,44.49370189096736,66.97593569274413,53.102086850328405,1.2559432157547911e-06
520,47.94013400461482,66.97593569274413,53.102086850328405,1.2559432157547911e-06
521,45.66434728688207,66.97593569274413,53.102086850328405,1.2559432157547911e-06
522,43.2945429264814,66.97593569274413,53.102086850328405,1.2559432157547911e-06
523,43.745574359236095,66.97593569274413,53.102086850328405,1.2559432157547911e-06
524,44.32147166372716,66.97593569274413,53.102086850328405,1.2559432157547911e-06
525,46.17290244705376,66.97593569274413,53.102086850328405,1.2559432157547911e-06
526,45.94125841951918,66.97593569274413,53.102086850328405,1.2559432157547911e-06
527,43.4760368829486,66.97593569274413,53.102086850328405,1.2559432157547911e-06
528,112.08175731527395,66.97593569274413,53.102086850328405,1.2559432157547911e-06
529,53.088251771598024,66.97593569274413,53.102086850328405,1.2559432157547911e-06
530,45.44764525314857,66.97593569274413,53.102086850328405,1.2559432157547911e-06
531,44.11682902807477,66.97593569274413,53.102086850328405,1.2559432157547911e-06
532,44.272610521864614,66.97593569274413,53.102086850328405,1.2559432157547911e-06
533,43.74722180421325,66.97593569274413,53.102086850328405,1.2559432157547911e-06
534,46.0044524971096,66.97593569274413,53.102086850328405,1.2559432157547911e-06
535,46.498248670292995,66.97593569274413,53.102086850328405,1.2559432157547911e-06
536,44.606442330897536,66.97593569274413,53.102086850328405,1.2559432157547911e-06
537,43.18836159541689,66.97593569274413,53.102086850328405,1.2559432157547911e-06
538,44.77665039588665,66.97593569274413,53.102086850328405,1.2559432157547911e-06
539,44.98595147845389,66.97593569274413,53.102086850328405,1.2559432157547911e-06
540,45.8281891483,66.97593569274413,53.102086850328405,1.2559432157547911e-06
541,45.58314729010922,66.97593569274413,53.102086850328405,1.2559432157547911e-06
542,46.28363135765339,66.97593569274413,53.102086850328405,1.2559432157547911e-06
543,44.37794799366217,66.97593569274413,53.102086850328405,1.2559432157547911e-06
544,42.95924004741099,66.97593569274413,53.102086850328405,1.2559432157547911e-06
545,41.453885023621304,66.97593569274413,53.102086850328405,1.2559432157547911e-06
546,42.7896548961771,66.97593569274413,53.102086850328405,1.2559432157547911e-06
547,42.77956931892483,66.97593569274413,53.102086850328405,1.2559432157547911e-06
548,44.58728478968828,66.97593569274413,53.102086850328405,1.2559432157547911e-06
549,44.74786756230497,66.97593569274413,53.102086850328405,1.2559432157547911e-06
550,43.57843160081184,67.16224053467121,53.38466824600657,1.2559432157547911e-06
551,43.29334265610267,67.16224053467121,53.38466824600657,1.2559432157547911e-06
552,43.9771948628042,67.16224053467121,53.38466824600657,1.2559432157547911e-06
553,43.56278728616649,67.16224053467121,53.38466824600657,1.2559432157547911e-06
554,43.46097060455673,67.16224053467121,53.38466824600657,1.2559432157547911e-06
555,42.80101651158826,67.16224053467121,53.38466824600657,1.2559432157547911e-06
556,44.87172872170635,67.16224053467121,53.38466824600657,1.2559432157547911e-06
557,45.37480580121621,67.16224053467121,53.38466824600657,1.2559432157547911e-06
558,43.435551763951096,67.16224053467121,53.38466824600657,1.2559432157547911e-06
559,43.286472715180494,67.16224053467121,53.38466824600657,1.2559432157547911e-06
560,42.739565553336305,67.16224053467121,53.38466824600657,1.2559432157547911e-06
561,44.3970248562166,67.16224053467121,53.38466824600657,1.2559432157547911e-06
562,43.15553737508839,67.16224053467121,53.38466824600657,1.2559432157547911e-06
563,43.189637436263865,67.16224053467121,53.38466824600657,1.2559432157547911e-06
564,45.67822785213076,67.16224053467121,53.38466824600657,1.2559432157547911e-06
565,42.72670905891506,67.16224053467121,53.38466824600657,1.2559432157547911e-06
566,44.137921607357335,67.16224053467121,53.38466824600657,1.2559432157547911e-06
567,45.26351586703596,67.16224053467121,53.38466824600657,1.2559432157547911e-06
568,41.09265542304379,67.16224053467121,53.38466824600657,1.2559432157547911e-06
569,43.3154055058271,67.16224053467121,53.38466824600657,1.2559432157547911e-06
570,42.134176144654724,67.16224053467121,53.38466824600657,1.2559432157547911e-06
571,45.38326954019481,67.16224053467121,53.38466824600657,1.2559432157547911e-06
572,46.24318151364381,67.16224053467121,53.38466824600657,1.2559432157547911e-06
573,43.74535933308218,67.16224053467121,53.38466824600657,1.2559432157547911e-06
574,44.29113425331554,67.16224053467121,53.38466824600657,1.2559432157547911e-06
575,42.9950745900472,67.16224053467121,53.38466824600657,1.2559432157547911e-06
576,41.12374603885344,67.16224053467121,53.38466824600657,1.2559432157547911e-06
577,45.68899722482966,67.16224053467121,53.38466824600657,1.2559432157547911e-06
578,43.07919265483988,67.16224053467121,53.38466824600657,1.2559432157547911e-06
579,44.13038128819959,67.16224053467121,53.38466824600657,1.2559432157547911e-06
580,46.009715529693956,67.16224053467121,53.38466824600657,1.2559432157547911e-06
581,46.33382025532339,67.16224053467121,53.38466824600657,1.2559432157547911e-06
582,48.55170657716948,67.16224053467121,53.38466824600657,1.2559432157547911e-06
583,42.323572093042834,67.16224053467121,53.38466824600657,1.2559432157547911e-06
584,42.52928907021709,67.16224053467121,53.38466824600657,1.2559432157547911e-06
585,41.537593731935,67.16224053467121,53.38466824600657,1.2559432157547911e-06
586,41.605173944056716,67.16224053467121,53.38466824600657,1.2559432157547911e-06
587,41.77953169811731,67.16224053467121,53.38466824600657,1.2559432157547911e-06
588,45.73927732445728,67.16224053467121,53.38466824600657,1.2559432157547911e-06
589,45.11411826912014,67.16224053467121,53.38466824600657,1.2559432157547911e-06
590,44.45563375538793,67.16224053467121,53.38466824600657,1.2559432157547911e-06
591,43.25939805480255,67.16224053467121,53.38466824600657,1.2559432157547911e-06
592,43.88283964135181,67.16224053467121,53.38466824600657,1.2559432157547911e-06
593,42.07230111922341,67.16224053467121,53.38466824600657,1.2559432157547911e-06
594,44.27034393398241,67.16224053467121,53.38466824600657,1.2559432157547911e-06
595,45.51419060805748,67.16224053467121,53.38466824600657,1.2559432157547911e-06
596,120.45912911426062,67.16224053467121,53.38466824600657,1.2559432157547911e-06
597,47.78298432799591,67.16224053467121,53.38466824600657,1.2559432157547911e-06
598,41.992427979392566,67.16224053467121,53.38466824600657,1.2559432157547911e-06
599,45.6274234070175,67.16224053467121,53.38466824600657,1.2559432157547911e-06
600,43.121707740871386,67.36259327082024,53.58464970048081,1.2559432157547911e-06
601,42.07381971951189,67.36259327082024,53.58464970048081,1.2559432157547911e-06
602,42.50836036945211,67.36259327082024,53.58464970048081,1.2559432157547911e-06
603,41.79426171313757,67.36259327082024,53.58464970048081,1.2559432157547911e-06
604,41.403163098740855,67.36259327082024,53.58464970048081,1.2559432157547911e-06
605,42.55271012755646,67.36259327082024,53.58464970048081,1.2559432157547911e-06
606,42.051580297535864,67.36259327082024,53.58464970048081,1.2559432157547911e-06
607,43.7944779450866,67.36259327082024,53.58464970048081,1.2559432157547911e-06
608,43.74432145041981,67.36259327082024,53.58464970048081,1.2559432157547911e-06
609,42.18410000855895,67.36259327082024,53.58464970048081,1.2559432157547911e-06
610,41.1470530060516,67.36259327082024,53.58464970048081,1.2559432157547911e-06
611,43.64389174011932,67.36259327082024,53.58464970048081,1.2559432157547911e-06
612,42.998902090664565,67.36259327082024,53.58464970048081,1.2559432157547911e-06
613,41.0803648192307,67.36259327082024,53.58464970048081,1.2559432157547911e-06
614,44.63022609140681,67.36259327082024,53.58464970048081,1.2559432157547911e-06
615,42.49334458099015,67.36259327082024,53.58464970048081,1.2559432157547911e-06
616,41.115776105858814,67.36259327082024,53.58464970048081,1.2559432157547911e-06
617,40.57775460166493,67.36259327082024,53.58464970048081,1.2559432157547911e-06
618,42.83492283437444,67.36259327082024,53.58464970048081,1.2559432157547911e-06
619,44.19844366490156,67.36259327082024,53.58464970048081,1.2559432157547911e-06
620,42.642161906450646,67.36259327082024,53.58464970048081,1.2559432157547911e-06
621,42.65682913243086,67.36259327082024,53.58464970048081,1.2559432157547911e-06
622,43.59376738537317,67.36259327082024,53.58464970048081,1.2559432157547911e-06
623,40.590575623786314,67.36259327082024,53.58464970048081,1.2559432157547911e-06
624,42.26458038680855,67.36259327082024,53.58464970048081,1.2559432157547911e-06
625,44.245581089765174,67.36259327082024,53.58464970048081,1.2559432157547911e-06
626,42.1204708691301,67.36259327082024,53.58464970048081,1.2559432157547911e-06
627,41.695598141900426,67.36259327082024,53.58464970048081,1.2559432157547911e-06
628,41.321241663790296,67.36259327082024,53.58464970048081,1.2559432157547911e-06
629,44.26674476711229,67.36259327082024,53.58464970048081,1.2559432157547911e-06
630,41.90224500634204,67.36259327082024,53.58464970048081,1.2559432157547911e-06
631,42.34335482805625,67.36259327082024,53.58464970048081,1.2559432157547911e-06
632,40.11314223278528,67.36259327082024,53.58464970048081,1.2559432157547911e-06
633,43.78958531083732,67.36259327082024,53.58464970048081,1.2559432157547911e-06
634,40.79085293035398,67.36259327082024,53.58464970048081,1.2559432157547911e-06
635,40.166323628918875,67.36259327082024,53.58464970048081,1.2559432157547911e-06
636,41.59272169792789,67.36259327082024,53.58464970048081,1.2559432157547911e-06
637,40.008889932742065,67.36259327082024,53.58464970048081,1.2559432157547911e-06
638,42.807439738306506,67.36259327082024,53.58464970048081,1.2559432157547911e-06
639,44.80431749628878,67.36259327082024,53.58464970048081,1.2559432157547911e-06
640,41.28196764540398,67.36259327082024,53.58464970048081,1.2559432157547911e-06
641,41.673186663923595,67.36259327082024,53.58464970048081,1.2559432157547911e-06
642,42.550932763636794,67.36259327082024,53.58464970048081,1.2559432157547911e-06
643,41.07398267724048,67.36259327082024,53.58464970048081,1.2559432157547911e-06
644,40.34040021348274,67.36259327082024,53.58464970048081,1.2559432157547911e-06
645,43.659443263349864,67.36259327082024,53.58464970048081,1.2559432157547911e-06
646,43.27889080705314,67.36259327082024,53.58464970048081,1.2559432157547911e-06
647,41.46053336132532,67.36259327082024,53.58464970048081,1.2559432157547911e-06
648,43.30362302407451,67.36259327082024,53.58464970048081,1.2559432157547911e-06
649,44.23232734066316,67.36259327082024,53.58464970048081,1.2559432157547911e-06
650,41.995469235825816,67.34354575210044,53.76467462445332,1.2559432157547911e-06
651,43.1894324949418,67.34354575210044,53.76467462445332,1.2559432157547911e-06
652,42.123406081364074,67.34354575210044,53.76467462445332,1.2559432157547911e-06
653,43.230343720008584,67.34354575210044,53.76467462445332,1.2559432157547911e-06
654,43.08457339495078,67.34354575210044,53.76467462445332,1.2559432157547911e-06
655,41.22455162837588,67.34354575210044,53.76467462445332,1.2559432157547911e-06
656,43.380381397817324,67.34354575210044,53.76467462445332,1.2559432157547911e-06
657,41.687426578039414,67.34354575210044,53.76467462445332,1.2559432157547911e-06
658,39.337431523991725,67.34354575210044,53.76467462445332,1.2559432157547911e-06
659,41.73075347111143,67.34354575210044,53.76467462445332,1.2559432157547911e-06
660,42.276504143901256,67.34354575210044,53.76467462445332,1.2559432157547911e-06
661,41.586662336327564,67.34354575210044,53.76467462445332,1.2559432157547911e-06
662,40.36245337299917,67.34354575210044,53.76467462445332,1.2559432157547911e-06
663,41.49910622081537,67.34354575210044,53.76467462445332,1.2559432157547911e-06
664,40.653712327452915,67.34354575210044,53.76467462445332,1.2559432157547911e-06
665,40.00679294542334,67.34354575210044,53.76467462445332,1.2559432157547911e-06
666,288.41169865926105,67.34354575210044,53.76467462445332,1.2559432157547911e-06
667,67.00299751895598,67.34354575210044,53.76467462445332,1.2559432157547911e-06
668,52.33503102708137,67.34354575210044,53.76467462445332,1.2559432157547911e-06
669,48.470110290351954,67.34354575210044,53.76467462445332,1.2559432157547911e-06
670,45.19835846999596,67.34354575210044,53.76467462445332,1.2559432157547911e-06
671,43.51788751010237,67.34354575210044,53.76467462445332,1.2559432157547911e-06
672,42.26581584448102,67.34354575210044,53.76467462445332,1.2559432157547911e-06
673,43.456184102200915,67.34354575210044,53.76467462445332,1.2559432157547911e-06
674,42.35918251125292,67.34354575210044,53.76467462445332,1.2559432157547911e-06
675,41.17889825228987,67.34354575210044,53.76467462445332,1.2559432157547911e-06
676,44.31194603580168,67.34354575210044,53.76467462445332,1.2559432157547911e-06
677,42.22278527007706,67.34354575210044,53.76467462445332,1.2559432157547911e-06
678,40.583404212162414,67.34354575210044,53.76467462445332,1.2559432157547911e-06
679,41.67886953244264,67.34354575210044,53.76467462445332,1.2559432157547911e-06
680,42.74560549067355,67.34354575210044,53.76467462445332,1.2559432157547911e-06
681,41.756436271229006,67.34354575210044,53.76467462445332,1.2559432157547911e-06
682,40.99135251976978,67.34354575210044,53.76467462445332,1.2559432157547911e-06
683,40.54895269459691,67.34354575210044,53.76467462445332,1.2559432157547911e-06
684,41.75699907061698,67.34354575210044,53.76467462445332,1.2559432157547911e-06
685,40.46016971544287,67.34354575210044,53.76467462445332,1.2559432157547911e-06
686,45.54206096166852,67.34354575210044,53.76467462445332,1.2559432157547911e-06
687,41.06319094252312,67.34354575210044,53.76467462445332,1.2559432157547911e-06
688,42.84846742125763,67.34354575210044,53.76467462445332,1.2559432157547911e-06
689,40.767420823546665,67.34354575210044,53.76467462445332,1.2559432157547911e-06
690,41.11371730935985,67.34354575210044,53.76467462445332,1.2559432157547911e-06
691,41.54341908158927,67.34354575210044,53.76467462445332,1.2559432157547911e-06
692,39.792153073453356,67.34354575210044,53.76467462445332,1.2559432157547911e-06
693,40.1247848423048,67.34354575210044,53.76467462445332,1.2559432157547911e-06
694,42.46231460571289,67.34354575210044,53.76467462445332,1.2559432157547911e-06
695,41.153572827920144,67.34354575210044,53.76467462445332,1.2559432157547911e-06
696,39.18130313390973,67.34354575210044,53.76467462445332,1.2559432157547911e-06
697,40.60430434654499,67.34354575210044,53.76467462445332,1.2559432157547911e-06
698,42.47650874346152,67.34354575210044,53.76467462445332,1.2559432157547911e-06
699,38.430163405407434,67.34354575210044,53.76467462445332,1.2559432157547911e-06
700,41.49846874982461,67.4837348146337,54.17500213354728,1.2559432157547911e-06
701,43.96707620291874,67.4837348146337,54.17500213354728,1.2559432157547911e-06
702,39.44604939427869,67.4837348146337,54.17500213354728,1.2559432157547911e-06
703,44.66948607872273,67.4837348146337,54.17500213354728,1.2559432157547911e-06
704,39.59150141135029,67.4837348146337,54.17500213354728,1.2559432157547911e-06
705,40.72261067094474,67.4837348146337,54.17500213354728,1.2559432157547911e-06
706,41.637015901762865,67.4837348146337,54.17500213354728,1.2559432157547911e-06
707,41.52225005489656,67.4837348146337,54.17500213354728,1.2559432157547911e-06
708,42.667388916015625,67.4837348146337,54.17500213354728,1.2559432157547911e-06
709,38.23121840378334,67.4837348146337,54.17500213354728,1.2559432157547911e-06
710,41.25283874862495,67.4837348146337,54.17500213354728,1.2559432157547911e-06
711,40.23591260800416,67.4837348146337,54.17500213354728,1.2559432157547911e-06
712,40.046974620599855,67.4837348146337,54.17500213354728,1.2559432157547911e-06
713,39.4768725428088,67.4837348146337,54.17500213354728,1.2559432157547911e-06
714,41.031315200630274,67.4837348146337,54.17500213354728,1.2559432157547911e-06
715,40.04328322136539,67.4837348146337,54.17500213354728,1.2559432157547911e-06
716,40.24924574227169,67.4837348146337,54.17500213354728,1.2559432157547911e-06
717,40.85115518241093,67.4837348146337,54.17500213354728,1.2559432157547911e-06
718,40.9322689319479,67.4837348146337,54.17500213354728,1.2559432157547911e-06
719,39.21980000638414,67.4837348146337,54.17500213354728,1.2559432157547911e-06
720,40.41496987178408,67.4837348146337,54.17500213354728,1.2559432157547911e-06
721,39.510634937505614,67.4837348146337,54.17500213354728,1.2559432157547911e-06
722,40.567808348557044,67.4837348146337,54.17500213354728,1.2559432157547911e-06
723,42.291626283492164,67.4837348146337,54.17500213354728,1.2559432157547911e-06
724,41.39831141767831,67.4837348146337,54.17500213354728,1.2559432157547911e-06
725,40.41537550125999,67.4837348146337,54.17500213354728,1.2559432157547911e-06
726,42.51837938681416,67.4837348146337,54.17500213354728,1.2559432157547911e-06
727,41.33799539763352,67.4837348146337,54.17500213354728,1.2559432157547911e-06
728,39.92801083093402,67.4837348146337,54.17500213354728,1.2559432157547911e-06
729,39.728491750256765,67.4837348146337,54.17500213354728,1.2559432157547911e-06
730,37.92491334060143,67.4837348146337,54.17500213354728,1.2559432157547911e-06
731,40.95625892726854,67.4837348146337,54.17500213354728,1.2559432157547911e-06
732,39.292954762776695,67.4837348146337,54.17500213354728,1.2559432157547911e-06
733,40.1308926987922,67.4837348146337,54.17500213354728,1.2559432157547911e-06
734,39.19892291364999,67.4837348146337,54.17500213354728,1.2559432157547911e-06
735,45.26715568016316,67.4837348146337,54.17500213354728,1.2559432157547911e-06
736,40.89791922733701,67.4837348146337,54.17500213354728,1.2559432157547911e-06
737,38.901005887437144,67.4837348146337,54.17500213354728,1.2559432157547911e-06
738,40.24797064682533,67.4837348146337,54.17500213354728,1.2559432157547911e-06
739,38.93743688210674,67.4837348146337,54.17500213354728,1.2559432157547911e-06
740,40.13361718188757,67.4837348146337,54.17500213354728,1.2559432157547911e-06
741,40.63454768301427,67.4837348146337,54.17500213354728,1.2559432157547911e-06
742,40.9807339372306,67.4837348146337,54.17500213354728,1.2559432157547911e-06
743,37.73170642195077,67.4837348146337,54.17500213354728,1.2559432157547911e-06
744,40.11421383386371,67.4837348146337,54.17500213354728,1.2559432157547911e-06
745,39.6506711806374,67.4837348146337,54.17500213354728,1.2559432157547911e-06
746,40.168622027868516,67.4837348146337,54.17500213354728,1.2559432157547911e-06
747,40.56350872434419,67.4837348146337,54.17500213354728,1.2559432157547911e-06
748,41.473622289197195,67.4837348146337,54.17500213354728,1.2559432157547911e-06
749,39.03874153926455,67.4837348146337,54.17500213354728,1.2559432157547911e-06
750,119.8383805724396,55.14349969683746,42.82358391004291,1.2559432157547911e-06
751,60.86421565351815,55.14349969683746,42.82358391004291,1.2559432157547911e-06
752,43.66627373092476,55.14349969683746,42.82358391004291,1.2559432157547911e-06
753,42.00599328402815,55.14349969683746,42.82358391004291,1.2559432157547911e-06
754,40.544069619014344,55.14349969683746,42.82358391004291,1.2559432157547911e-06
755,40.05009322330869,55.14349969683746,42.82358391004291,1.2559432157547911e-06
756,42.537502486130286,55.14349969683746,42.82358391004291,1.2559432157547911e-06
757,39.79589815249388,55.14349969683746,42.82358391004291,1.2559432157547911e-06
758,41.647259153168775,55.14349969683746,42.82358391004291,1.2559432157547911e-06
759,38.0041090866615,55.14349969683746,42.82358391004291,1.2559432157547911e-06
760,38.688223564761806,55.14349969683746,42.82358391004291,1.2559432157547911e-06
761,38.10181595813269,55.14349969683746,42.82358391004291,1.2559432157547911e-06
762,39.632196821015455,55.14349969683746,42.82358391004291,1.2559432157547911e-06
763,42.64861742655436,55.14349969683746,42.82358391004291,1.2559432157547911e-06
764,40.12088234123142,55.14349969683746,42.82358391004291,1.2559432157547911e-06
765,39.478263372662425,55.14349969683746,42.82358391004291,1.2559432157547911e-06
766,37.2513379283335,55.14349969683746,42.82358391004291,1.2559432157547911e-06
767,39.648878130419504,55.14349969683746,42.82358391004291,1.2559432157547911e-06
768,43.15594741119735,55.14349969683746,42.82358391004291,1.2559432157547911e-06
769,39.57001749674479,55.14349969683746,42.82358391004291,1.2559432157547911e-06
770,41.6544861409856,55.14349969683746,42.82358391004291,1.2559432157547911e-06
771,38.82944729684413,55.14349969683746,42.82358391004291,1.2559432157547911e-06
772,38.209320747989345,55.14349969683746,42.82358391004291,1.2559432157547911e-06
773,38.982730361236925,55.14349969683746,42.82358391004291,1.2559432157547911e-06
774,38.26159551773948,55.14349969683746,42.82358391004291,1.2559432157547911e-06
775,40.38553071296078,55.14349969683746,42.82358391004291,1.2559432157547911e-06
776,38.05719415072737,55.14349969683746,42.82358391004291,1.2559432157547911e-06
777,40.965180210683535,55.14349969683746,42.82358391004291,1.2559432157547911e-06
778,37.00600209729425,55.14349969683746,42.82358391004291,1.2559432157547911e-06
779,42.56847581096079,55.14349969683746,42.82358391004291,1.2559432157547911e-06
780,40.04762228604021,55.14349969683746,42.82358391004291,1.2559432157547911e-06
781,38.905729600752906,55.14349969683746,42.82358391004291,1.2559432157547911e-06
782,40.9447719749363,55.14349969683746,42.82358391004291,1.2559432157547911e-06
783,38.672473052452354,55.14349969683746,42.82358391004291,1.2559432157547911e-06
784,38.97253975923034,55.14349969683746,42.82358391004291,1.2559432157547911e-06
785,38.89088852104099,55.14349969683746,42.82358391004291,1.2559432157547911e-06
786,40.95748721594098,55.14349969683746,42.82358391004291,1.2559432157547911e-06
787,40.17550865261034,55.14349969683746,42.82358391004291,1.2559432157547911e-06
788,38.98189540293025,55.14349969683746,42.82358391004291,1.2559432157547911e-06
789,43.83864358923901,55.14349969683746,42.82358391004291,1.2559432157547911e-06
790,37.984130552445336,55.14349969683746,42.82358391004291,1.2559432157547911e-06
791,40.50676440096449,55.14349969683746,42.82358391004291,1.2559432157547911e-06
792,41.99538945603645,55.14349969683746,42.82358391004291,1.2559432157547911e-06
793,42.6440855662028,55.14349969683746,42.82358391004291,1.2559432157547911e-06
794,37.97073611993899,55.14349969683746,42.82358391004291,1.2559432157547911e-06
795,38.49137229480963,55.14349969683746,42.82358391004291,1.2559432157547911e-06
796,38.7687655043328,55.14349969683746,42.82358391004291,1.2559432157547911e-06
797,37.53511604221388,55.14349969683746,42.82358391004291,1.2559432157547911e-06
798,37.540821908534255,55.14349969683746,42.82358391004291,1.2559432157547911e-06
799,39.027218193843446,55.14349969683746,42.82358391004291,1.2559432157547911e-06
800,40.06272085781755,67.60522322165212,54.74388503985742,1.2559432157547911e-06
801,43.631371202140016,67.60522322165212,54.74388503985742,1.2559432157547911e-06
802,38.57263639603538,67.60522322165212,54.74388503985742,1.2559432157547911e-06
803,42.47273583247744,67.60522322165212,54.74388503985742,1.2559432157547911e-06
804,39.15028462464782,67.60522322165212,54.74388503985742,1.2559432157547911e-06
805,39.735133006654934,67.60522322165212,54.74388503985742,1.2559432157547911e-06
806,40.15981557999534,67.60522322165212,54.74388503985742,1.2559432157547911e-06
807,37.855098548976855,67.60522322165212,54.74388503985742,1.2559432157547911e-06
808,38.63204212846427,67.60522322165212,54.74388503985742,1.2559432157547911e-06
809,38.35631458238623,67.60522322165212,54.74388503985742,1.2559432157547911e-06
810,40.278024322685155,67.60522322165212,54.74388503985742,1.2559432157547911e-06
811,42.10585434135349,67.60522322165212,54.74388503985742,1.2559432157547911e-06
812,37.44668984687191,67.60522322165212,54.74388503985742,1.2559432157547911e-06
813,37.435728358126234,67.60522322165212,54.74388503985742,1.2559432157547911e-06
814,36.289320364765736,67.60522322165212,54.74388503985742,1.2559432157547911e-06
815,38.83580418290763,67.60522322165212,54.74388503985742,1.2559432157547911e-06
816,39.17581381742982,67.60522322165212,54.74388503985742,1.2559432157547911e-06
817,40.634940202208774,67.60522322165212,54.74388503985742,1.2559432157547911e-06
818,40.78784405500039,67.60522322165212,54.74388503985742,1.2559432157547911e-06
819,38.87573503077715,67.60522322165212,54.74388503985742,1.2559432157547911e-06
820,42.1390990991702,67.60522322165212,54.74388503985742,1.2559432157547911e-06
821,38.74259196752789,67.60522322165212,54.74388503985742,1.2559432157547911e-06
822,204.24468492091387,67.60522322165212,54.74388503985742,1.2559432157547911e-06
823,45.03505239815548,67.60522322165212,54.74388503985742,1.2559432157547911e-06
824,39.73599854831038,67.60522322165212,54.74388503985742,1.2559432157547911e-06
825,39.71050356722426,67.60522322165212,54.74388503985742,1.2559432157547911e-06
826,41.55781866490156,67.60522322165212,54.74388503985742,1.2559432157547911e-06
827,41.178610900352744,67.60522322165212,54.74388503985742,1.2559432157547911e-06
828,39.41370718506561,67.60522322165212,54.74388503985742,1.2559432157547911e-06
829,38.47301568656132,67.60522322165212,54.74388503985742,1.2559432157547911e-06
830,38.88020853064526,67.60522322165212,54.74388503985742,1.2559432157547911e-06
831,38.83936279121487,67.60522322165212,54.74388503985742,1.2559432157547911e-06
832,41.157127204982714,67.60522322165212,54.74388503985742,1.2559432157547911e-06
833,37.69479315308319,67.60522322165212,54.74388503985742,1.2559432157547911e-06
834,37.84708226960281,67.60522322165212,54.74388503985742,1.2559432157547911e-06
835,38.583611904889686,67.60522322165212,54.74388503985742,1.2559432157547911e-06
836,38.30790085628115,67.60522322165212,54.74388503985742,1.2559432157547911e-06
837,37.27704501974171,67.60522322165212,54.74388503985742,1.2559432157547911e-06
838,38.09742682007538,67.60522322165212,54.74388503985742,1.2559432157547911e-06
839,38.82827123006185,67.60522322165212,54.74388503985742,1.2559432157547911e-06
840,39.275922424491796,67.60522322165212,54.74388503985742,1.2559432157547911e-06
841,38.63805520945582,67.60522322165212,54.74388503985742,1.2559432157547911e-06
842,39.00942109645098,67.60522322165212,54.74388503985742,1.2559432157547911e-06
843,39.21197408917306,67.60522322165212,54.74388503985742,1.2559432157547911e-06
844,37.034327890681126,67.60522322165212,54.74388503985742,1.2559432157547911e-06
845,38.16580866671156,67.60522322165212,54.74388503985742,1.2559432157547911e-06
846,42.61695866201116,67.60522322165212,54.74388503985742,1.2559432157547911e-06
847,38.054430468329066,67.60522322165212,54.74388503985742,1.2559432157547911e-06
848,36.52837135051859,67.60522322165212,54.74388503985742,1.2559432157547911e-06
849,37.13519623635829,67.60522322165212,54.74388503985742,1.2559432157547911e-06
850,38.55624394033147,67.75710801636684,54.93692997629139,1.2559432157547911e-06
851,39.07913633324634,67.75710801636684,54.93692997629139,1.2559432157547911e-06
852,38.98696923529965,67.75710801636684,54.93692997629139,1.2559432157547911e-06
853,38.46508337437422,67.75710801636684,54.93692997629139,1.2559432157547911e-06
854,36.6804717052942,67.75710801636684,54.93692997629139,1.2559432157547911e-06
855,39.70841409968234,67.75710801636684,54.93692997629139,1.2559432157547911e-06
856,37.20959868376283,67.75710801636684,54.93692997629139,1.2559432157547911e-06
857,37.892182251502724,67.75710801636684,54.93692997629139,1.2559432157547911e-06
858,36.38774279890389,67.75710801636684,54.93692997629139,1.2559432157547911e-06
859,37.4875233529628,67.75710801636684,54.93692997629139,1.2559432157547911e-06
860,38.34756879696901,67.75710801636684,54.93692997629139,1.2559432157547911e-06
861,37.55038776616941,67.75710801636684,54.93692997629139,1.2559432157547911e-06
862,38.664099572718825,67.75710801636684,54.93692997629139,1.2559432157547911e-06
863,38.965760077553234,67.75710801636684,54.93692997629139,1.2559432157547911e-06
864,38.639250766271836,67.75710801636684,54.93692997629139,1.2559432157547911e-06
865,37.947918091697254,67.75710801636684,54.93692997629139,1.2559432157547911e-06
866,39.44519917718296,67.75710801636684,54.93692997629139,1.2559432157547911e-06
867,39.688491974753894,67.75710801636684,54.93692997629139,1.2559432157547911e-06
868,36.34020366887937,67.75710801636684,54.93692997629139,1.2559432157547911e-06
869,38.94531417715138,67.75710801636684,54.93692997629139,1.2559432157547911e-06
870,46.8753411961698,67.75710801636684,54.93692997629139,1.2559432157547911e-06
871,38.14818119180614,67.75710801636684,54.93692997629139,1.2559432157547911e-06
872,36.61507168035398,67.75710801636684,54.93692997629139,1.2559432157547911e-06
873,38.91195449609866,67.75710801636684,54.93692997629139,1.2559432157547911e-06
874,37.406130670130935,67.75710801636684,54.93692997629139,1.2559432157547911e-06
875,36.76742786100541,67.75710801636684,54.93692997629139,1.2559432157547911e-06
876,37.0713716265799,67.75710801636684,54.93692997629139,1.2559432157547911e-06
877,38.805079449182266,67.75710801636684,54.93692997629139,1.2559432157547911e-06
878,38.794628318698926,67.75710801636684,54.93692997629139,1.2559432157547911e-06
879,38.22980273455039,67.75710801636684,54.93692997629139,1.2559432157547911e-06
880,37.40035852892645,67.75710801636684,54.93692997629139,1.2559432157547911e-06
881,40.13819703288462,67.75710801636684,54.93692997629139,1.2559432157547911e-06
882,39.59396224186338,67.75710801636684,54.93692997629139,1.2559432157547911e-06
883,35.86698380832014,67.75710801636684,54.93692997629139,1.2559432157547911e-06
884,38.32778272957638,67.75710801636684,54.93692997629139,1.2559432157547911e-06
885,36.88310809519099,67.75710801636684,54.93692997629139,1.2559432157547911e-06
886,157.17543680914517,67.75710801636684,54.93692997629139,1.2559432157547911e-06
887,45.707037432440394,67.75710801636684,54.93692997629139,1.2559432157547911e-06
888,40.75444013222881,67.75710801636684,54.93692997629139,1.2559432157547911e-06
889,39.14809354146322,67.75710801636684,54.93692997629139,1.2559432157547911e-06
890,38.468134145627076,67.75710801636684,54.93692997629139,1.2559432157547911e-06
891,41.57823843243478,67.75710801636684,54.93692997629139,1.2559432157547911e-06
892,37.16125799595625,67.75710801636684,54.93692997629139,1.2559432157547911e-06
893,38.13739007094811,67.75710801636684,54.93692997629139,1.2559432157547911e-06
894,35.32635096845956,67.75710801636684,54.93692997629139,1.2559432157547911e-06
895,40.938647708673585,67.75710801636684,54.93692997629139,1.2559432157547911e-06
896,40.42487168586117,67.75710801636684,54.93692997629139,1.2559432157547911e-06
897,36.09667365852444,67.75710801636684,54.93692997629139,1.2559432157547911e-06
898,36.327842953561365,67.75710801636684,54.93692997629139,1.2559432157547911e-06
899,38.86337398660594,67.75710801636684,54.93692997629139,1.2559432157547911e-06
900,38.42259214116239,67.88042838122637,55.05890212674646,1.2559432157547911e-06
901,40.89337285359701,67.88042838122637,55.05890212674646,1.2559432157547911e-06
902,35.40213317432623,67.88042838122637,55.05890212674646,1.2559432157547911e-06
903,38.79412464711858,67.88042838122637,55.05890212674646,1.2559432157547911e-06
904,38.921392046172045,67.88042838122637,55.05890212674646,1.2559432157547911e-06
905,35.986423295119714,67.88042838122637,55.05890212674646,1.2559432157547911e-06
906,39.238966360859486,67.88042838122637,55.05890212674646,1.2559432157547911e-06
907,36.711345573951455,67.88042838122637,55.05890212674646,1.2559432157547911e-06
908,37.513361021019946,67.88042838122637,55.05890212674646,1.2559432157547911e-06
909,37.004455785641724,67.88042838122637,55.05890212674646,1.2559432157547911e-06
910,36.25940807386377,67.88042838122637,55.05890212674646,1.2559432157547911e-06
911,36.69400644850457,67.88042838122637,55.05890212674646,1.2559432157547911e-06
912,36.72756794677384,67.88042838122637,55.05890212674646,1.2559432157547911e-06
913,37.730279374396666,67.88042838122637,55.05890212674646,1.2559432157547911e-06
914,38.29758629853698,67.88042838122637,55.05890212674646,1.2559432157547911e-06
915,35.51856293075386,67.88042838122637,55.05890212674646,1.2559432157547911e-06
916,37.3180565998472,67.88042838122637,55.05890212674646,1.2559432157547911e-06
917,40.90502793761505,67.88042838122637,55.05890212674646,1.2559432157547911e-06
918,38.17033653697748,67.88042838122637,55.05890212674646,1.2559432157547911e-06
919,38.89594314838278,67.88042838122637,55.05890212674646,1.2559432157547911e-06
920,38.13401068764171,67.88042838122637,55.05890212674646,1.2559432157547911e-06
921,36.557547196574596,67.88042838122637,55.05890212674646,1.2559432157547911e-06
922,36.825178913686464,67.88042838122637,55.05890212674646,1.2559432157547911e-06
923,39.15522439452423,67.88042838122637,55.05890212674646,1.2559432157547911e-06
924,36.03327849815632,67.88042838122637,55.05890212674646,1.2559432157547911e-06
925,38.644858064322634,67.88042838122637,55.05890212674646,1.2559432157547911e-06
926,37.78855958478204,67.88042838122637,55.05890212674646,1.2559432157547911e-06
927,38.18592310499871,67.88042838122637,55.05890212674646,1.2559432157547911e-06
928,37.66683897478827,67.88042838122637,55.05890212674646,1.2559432157547911e-06
929,37.414672983103785,67.88042838122637,55.05890212674646,1.2559432157547911e-06
930,39.238460113262306,67.88042838122637,55.05890212674646,1.2559432157547911e-06
931,37.615694835268215,67.88042838122637,55.05890212674646,1.2559432157547911e-06
932,37.136144616137976,67.88042838122637,55.05890212674646,1.2559432157547911e-06
933,37.34054080919287,67.88042838122637,55.05890212674646,1.2559432157547911e-06
934,38.304394623328896,67.88042838122637,55.05890212674646,1.2559432157547911e-06
935,36.111494568572645,67.88042838122637,55.05890212674646,1.2559432157547911e-06
936,38.122283255916905,67.88042838122637,55.05890212674646,1.2559432157547911e-06
937,35.89337989105575,67.88042838122637,55.05890212674646,1.2559432157547911e-06
938,36.258993104956616,67.88042838122637,55.05890212674646,1.2559432157547911e-06
939,37.45367975344603,67.88042838122637,55.05890212674646,1.2559432157547911e-06
940,39.58363195397388,67.88042838122637,55.05890212674646,1.2559432157547911e-06
941,39.88382642022495,67.88042838122637,55.05890212674646,1.2559432157547911e-06
942,37.111647858016795,67.88042838122637,55.05890212674646,1.2559432157547911e-06
943,36.511261929040664,67.88042838122637,55.05890212674646,1.2559432157547911e-06
944,36.277425809838306,67.88042838122637,55.05890212674646,1.2559432157547911e-06
945,38.08030196442001,67.88042838122637,55.05890212674646,1.2559432157547911e-06
946,37.73108578824449,67.88042838122637,55.05890212674646,1.2559432157547911e-06
947,36.60348289314358,67.88042838122637,55.05890212674646,1.2559432157547911e-06
948,36.08514527068741,67.88042838122637,55.05890212674646,1.2559432157547911e-06
949,37.91156499139194,67.88042838122637,55.05890212674646,1.2559432157547911e-06
950,36.46873353541582,67.44176340798421,55.3582342413956,1.2559432157547911e-06
951,35.638166427612305,67.44176340798421,55.3582342413956,1.2559432157547911e-06
952,127.87911640912637,67.44176340798421,55.3582342413956,1.2559432157547911e-06
953,62.878134979598826,67.44176340798421,55.3582342413956,1.2559432157547911e-06
954,40.67467891210797,67.44176340798421,55.3582342413956,1.2559432157547911e-06
955,38.84765344378592,67.44176340798421,55.3582342413956,1.2559432157547911e-06
956,36.53485979979066,67.44176340798421,55.3582342413956,1.2559432157547911e-06
957,38.27982206454222,67.44176340798421,55.3582342413956,1.2559432157547911e-06
958,36.07703954323955,67.44176340798421,55.3582342413956,1.2559432157547911e-06
959,36.850458978236404,67.44176340798421,55.3582342413956,1.2559432157547911e-06
960,37.6046103334975,67.44176340798421,55.3582342413956,1.2559432157547911e-06
961,36.21431216974368,67.44176340798421,55.3582342413956,1.2559432157547911e-06
962,35.93704074552689,67.44176340798421,55.3582342413956,1.2559432157547911e-06
963,37.545766764673694,67.44176340798421,55.3582342413956,1.2559432157547911e-06
964,35.54858098084899,67.44176340798421,55.3582342413956,1.2559432157547911e-06
965,37.08616162442613,67.44176340798421,55.3582342413956,1.2559432157547911e-06
966,35.66773394880624,67.44176340798421,55.3582342413956,1.2559432157547911e-06
967,37.76650444118456,67.44176340798421,55.3582342413956,1.2559432157547911e-06
968,38.36271722289337,67.44176340798421,55.3582342413956,1.2559432157547911e-06
969,37.26171892538838,67.44176340798421,55.3582342413956,1.2559432157547911e-06
970,37.92937072666212,67.44176340798421,55.3582342413956,1.2559432157547911e-06
971,39.02912843638453,67.44176340798421,55.3582342413956,1.2559432157547911e-06
972,35.422021449297326,67.44176340798421,55.3582342413956,1.2559432157547911e-06
973,35.820319098987795,67.44176340798421,55.3582342413956,1.2559432157547911e-06
974,34.01368934806736,67.44176340798421,55.3582342413956,1.2559432157547911e-06
975,35.3182074009687,67.44176340798421,55.3582342413956,1.2559432157547911e-06
976,39.721658169538124,67.44176340798421,55.3582342413956,1.2559432157547911e-06
977,36.95614670062887,67.44176340798421,55.3582342413956,1.2559432157547911e-06
978,36.51645772210483,67.44176340798421,55.3582342413956,1.2559432157547911e-06
979,38.298893555827526,67.44176340798421,55.3582342413956,1.2559432157547911e-06
980,36.10320505602606,67.44176340798421,55.3582342413956,1.2559432157547911e-06
981,37.58857795013778,67.44176340798421,55.3582342413956,1.2559432157547911e-06
982,38.18622738191451,67.44176340798421,55.3582342413956,1.2559432157547911e-06
983,36.103337189246865,67.44176340798421,55.3582342413956,1.2559432157547911e-06
984,38.082356529674314,67.44176340798421,55.3582342413956,1.2559432157547911e-06
985,34.67521555670376,67.44176340798421,55.3582342413956,1.2559432157547911e-06
986,37.765160527722585,67.44176340798421,55.3582342413956,1.2559432157547911e-06
987,37.317234170847925,67.44176340798421,55.3582342413956,1.2559432157547911e-06
988,35.928096420463476,67.44176340798421,55.3582342413956,1.2559432157547911e-06
989,35.194313137010596,67.44176340798421,55.3582342413956,1.2559432157547911e-06
990,35.31760233298115,67.44176340798421,55.3582342413956,1.2559432157547911e-06
991,38.50362891712408,67.44176340798421,55.3582342413956,1.2559432157547911e-06
992,38.29383391895514,67.44176340798421,55.3582342413956,1.2559432157547911e-06
993,35.06027831154308,67.44176340798421,55.3582342413956,1.2559432157547911e-06
994,36.10740205611306,67.44176340798421,55.3582342413956,1.2559432157547911e-06
995,37.540490446419554,67.44176340798421,55.3582342413956,1.2559432157547911e-06
996,36.922195763423524,67.44176340798421,55.3582342413956,1.2559432157547911e-06
997,37.450127437196926,67.44176340798421,55.3582342413956,1.2559432157547911e-06
998,35.91364913151182,67.44176340798421,55.3582342413956,1.2559432157547911e-06
999,38.24626008395491,67.44176340798421,55.3582342413956,1.2559432157547911e-06
1000,38.374346448087145,67.80320886212549,55.65807908168158,1.2559432157547911e-06
